Date,Ticker,Open,High,Low,Close,Adj Close,Volume
2020-10-26,MSFT,213.85000610351562,216.33999633789062,208.10000610351562,210.0800018310547,208.1698455810547,37111600
2020-10-27,MSFT,211.58999633789062,214.6699981689453,210.3300018310547,213.25,211.31100463867188,36700300
2020-10-28,MSFT,207.6699981689453,208.83999633789062,202.10000610351562,202.67999267578125,200.83709716796875,51195600
2020-10-29,MSFT,204.07000732421875,207.36000061035156,203.3699951171875,204.72000122070312,202.8585662841797,31432600
2020-10-30,MSFT,203.5,204.2899932861328,199.6199951171875,202.47000122070312,200.6290283203125,36953700
2020-11-02,MSFT,204.2899932861328,205.27999877929688,200.1199951171875,202.3300018310547,200.49029541015625,30842200
2020-11-03,MSFT,203.88999938964844,208.1199951171875,203.1199951171875,206.42999267578125,204.55300903320312,27512000
2020-11-04,MSFT,214.02000427246094,218.32000732421875,212.4199981689453,216.38999938964844,214.42245483398438,42311800
2020-11-05,MSFT,222.0399932861328,224.1199951171875,221.14999389648438,223.2899932861328,221.2597198486328,36080100
2020-11-06,MSFT,222.25999450683594,224.36000061035156,218.02999877929688,223.72000122070312,221.68582153320312,25231900
2020-11-09,MSFT,224.44000244140625,228.1199951171875,217.8800048828125,218.38999938964844,216.4042510986328,44395000
2020-11-10,MSFT,214.5,216.5,209.72000122070312,211.00999450683594,209.09136962890625,44045100
2020-11-11,MSFT,212.38999938964844,218.0399932861328,212.1999969482422,216.5500030517578,214.58099365234375,29440800
2020-11-12,MSFT,217.2100067138672,219.11000061035156,214.4600067138672,215.44000244140625,213.48109436035156,21593900
2020-11-13,MSFT,216.36000061035156,217.4199981689453,214.16000366210938,216.50999450683594,214.54135131835938,18621100
2020-11-16,MSFT,214.8699951171875,217.74000549316406,214.52000427246094,217.22999572753906,215.25482177734375,24953300
2020-11-17,MSFT,216.10000610351562,217.67999267578125,214.0800018310547,214.4600067138672,212.510009765625,24154100
2020-11-18,MSFT,213.64999389648438,215.1699981689453,210.92999267578125,211.0800018310547,209.7083282470703,28372800
2020-11-19,MSFT,211.3800048828125,213.02999877929688,209.92999267578125,212.4199981689453,211.0396270751953,24792700
2020-11-20,MSFT,212.1999969482422,213.2899932861328,210.0,210.38999938964844,209.02281188964844,22843100
2020-11-23,MSFT,210.9499969482422,212.2899932861328,208.16000366210938,210.11000061035156,208.74462890625,25683500
2020-11-24,MSFT,209.58999633789062,214.25,208.86000061035156,213.86000061035156,212.4702606201172,33979700
2020-11-25,MSFT,215.11000061035156,215.2899932861328,212.4600067138672,213.8699951171875,212.48020935058594,21012900
2020-11-27,MSFT,214.85000610351562,216.27000427246094,214.0399932861328,215.22999572753906,213.8313446044922,14512200
2020-11-30,MSFT,214.10000610351562,214.75999450683594,210.83999633789062,214.07000732421875,212.67892456054688,33064800
2020-12-01,MSFT,214.50999450683594,217.32000732421875,213.35000610351562,216.2100067138672,214.8050079345703,30904500
2020-12-02,MSFT,214.8800048828125,215.47000122070312,212.8000030517578,215.3699951171875,213.97044372558594,23724500
2020-12-03,MSFT,214.61000061035156,216.3800048828125,213.64999389648438,214.24000549316406,212.84780883789062,25120900
2020-12-04,MSFT,214.22000122070312,215.3800048828125,213.17999267578125,214.36000061035156,212.96702575683594,24666000
2020-12-07,MSFT,214.3699951171875,215.5399932861328,212.99000549316406,214.2899932861328,212.8974609375,24620000
2020-12-08,MSFT,213.97000122070312,216.9499969482422,212.88999938964844,216.00999450683594,214.60629272460938,23284100
2020-12-09,MSFT,215.16000366210938,215.22999572753906,211.2100067138672,211.8000030517578,210.4236602783203,32440600
2020-12-10,MSFT,211.77000427246094,213.0800018310547,210.36000061035156,210.52000427246094,209.1519775390625,26733300
2020-12-11,MSFT,210.0500030517578,213.32000732421875,209.11000061035156,213.25999450683594,211.87416076660156,30979400
2020-12-14,MSFT,213.10000610351562,216.2100067138672,212.8800048828125,214.1999969482422,212.8080596923828,28798400
2020-12-15,MSFT,215.1699981689453,215.4199981689453,212.24000549316406,214.1300048828125,212.738525390625,27000600
2020-12-16,MSFT,214.75,220.11000061035156,214.72000122070312,219.27999877929688,217.85504150390625,35023300
2020-12-17,MSFT,219.8699951171875,220.88999938964844,217.9199981689453,219.4199981689453,217.994140625,32515800
2020-12-18,MSFT,218.58999633789062,219.69000244140625,216.02000427246094,218.58999633789062,217.16952514648438,63354900
2020-12-21,MSFT,217.5500030517578,224.0,217.27999877929688,222.58999633789062,221.14353942871094,37181900
2020-12-22,MSFT,222.69000244140625,225.6300048828125,221.85000610351562,223.94000244140625,222.48477172851562,22612200
2020-12-23,MSFT,223.11000061035156,223.55999755859375,220.8000030517578,221.02000427246094,219.583740234375,18699600
2020-12-24,MSFT,221.4199981689453,223.61000061035156,221.1999969482422,222.75,221.30250549316406,10550600
2020-12-28,MSFT,224.4499969482422,226.02999877929688,223.02000427246094,224.9600067138672,223.4981231689453,17933500
2020-12-29,MSFT,226.30999755859375,227.17999267578125,223.5800018310547,224.14999389648438,222.69338989257812,17403200
2020-12-30,MSFT,225.22999572753906,225.6300048828125,221.47000122070312,221.67999267578125,220.23944091796875,20272300
2020-12-31,MSFT,221.6999969482422,223.0,219.67999267578125,222.4199981689453,220.97463989257812,20942100
2021-01-04,MSFT,222.52999877929688,223.0,214.80999755859375,217.69000244140625,216.275390625,37130100
2021-01-05,MSFT,217.25999450683594,218.52000427246094,215.6999969482422,217.89999389648438,216.48399353027344,23823000
2021-01-06,MSFT,212.1699981689453,216.49000549316406,211.94000244140625,212.25,210.8707275390625,35930700
2021-01-07,MSFT,214.0399932861328,219.33999633789062,213.7100067138672,218.2899932861328,216.87147521972656,27694500
2021-01-08,MSFT,218.67999267578125,220.5800018310547,217.02999877929688,219.6199951171875,218.19284057617188,22956200
2021-01-11,MSFT,218.47000122070312,218.91000366210938,216.72999572753906,217.49000549316406,216.07669067382812,23031300
2021-01-12,MSFT,216.5,217.10000610351562,213.32000732421875,214.92999267578125,213.53330993652344,23249300
2021-01-13,MSFT,214.02000427246094,216.75999450683594,213.92999267578125,216.33999633789062,214.9341583251953,20087100
2021-01-14,MSFT,215.91000366210938,217.4600067138672,212.74000549316406,213.02000427246094,211.63572692871094,29480800
2021-01-15,MSFT,213.52000427246094,214.50999450683594,212.02999877929688,212.64999389648438,211.26812744140625,31746500
2021-01-19,MSFT,213.75,216.97999572753906,212.6300048828125,216.44000244140625,215.03350830078125,30480900
2021-01-20,MSFT,217.6999969482422,225.7899932861328,217.2899932861328,224.33999633789062,222.88217163085938,37777300
2021-01-21,MSFT,224.6999969482422,226.3000030517578,222.4199981689453,224.97000122070312,223.50807189941406,30709400
2021-01-22,MSFT,227.0800018310547,230.07000732421875,225.8000030517578,225.9499969482422,224.48170471191406,30172700
2021-01-25,MSFT,229.1199951171875,229.77999877929688,224.22000122070312,229.52999877929688,228.03843688964844,33152100
2021-01-26,MSFT,231.86000061035156,234.17999267578125,230.0800018310547,232.3300018310547,230.82025146484375,49169600
2021-01-27,MSFT,238.0,240.44000244140625,230.13999938964844,232.89999389648438,231.3865509033203,69870600
2021-01-28,MSFT,235.61000061035156,242.63999938964844,235.08999633789062,238.92999267578125,237.37734985351562,49111200
2021-01-29,MSFT,235.99000549316406,238.02000427246094,231.35000610351562,231.9600067138672,230.45266723632812,42503100
2021-02-01,MSFT,235.05999755859375,242.5,232.42999267578125,239.64999389648438,238.09266662597656,33314200
2021-02-02,MSFT,241.3000030517578,242.30999755859375,238.69000244140625,239.50999450683594,237.95358276367188,25916300
2021-02-03,MSFT,239.57000732421875,245.08999633789062,239.25999450683594,243.0,241.42091369628906,27158100
2021-02-04,MSFT,242.66000366210938,243.24000549316406,240.3699951171875,242.00999450683594,240.4373321533203,25296100
2021-02-05,MSFT,242.22999572753906,243.27999877929688,240.4199981689453,242.1999969482422,240.6260986328125,18054800
2021-02-08,MSFT,243.14999389648438,243.67999267578125,240.80999755859375,242.47000122070312,240.8943634033203,22211900
2021-02-09,MSFT,241.8699951171875,244.75999450683594,241.3800048828125,243.77000427246094,242.18589782714844,23565000
2021-02-10,MSFT,245.0,245.9199981689453,240.88999938964844,242.82000732421875,241.24208068847656,22186700
2021-02-11,MSFT,244.77999877929688,245.14999389648438,242.14999389648438,244.49000549316406,242.90122985839844,15751100
2021-02-12,MSFT,243.92999267578125,245.3000030517578,242.72999572753906,244.99000549316406,243.39797973632812,16561100
2021-02-16,MSFT,245.02999877929688,246.1300048828125,242.9199981689453,243.6999969482422,242.11636352539062,26728500
2021-02-17,MSFT,241.32000732421875,244.30999755859375,240.94000244140625,244.1999969482422,243.17189025878906,21653500
2021-02-18,MSFT,241.8000030517578,243.92999267578125,240.86000061035156,243.7899932861328,242.7635955810547,16925600
2021-02-19,MSFT,243.75,243.86000061035156,240.17999267578125,240.97000122070312,239.9554901123047,25262600
2021-02-22,MSFT,237.4199981689453,237.92999267578125,232.39999389648438,234.50999450683594,233.52268981933594,36446900
2021-02-23,MSFT,230.3300018310547,234.8300018310547,228.72999572753906,233.27000427246094,232.2879180908203,30228700
2021-02-24,MSFT,230.00999450683594,235.1999969482422,229.0,234.5500030517578,233.56253051757812,26339700
2021-02-25,MSFT,232.0800018310547,234.58999633789062,227.8800048828125,228.99000549316406,228.0259246826172,39542200
2021-02-26,MSFT,231.52999877929688,235.3699951171875,229.5399932861328,232.3800048828125,231.4016571044922,37819200
2021-03-01,MSFT,235.89999389648438,237.47000122070312,233.14999389648438,236.94000244140625,235.9424591064453,25324000
2021-03-02,MSFT,237.00999450683594,237.3000030517578,233.4499969482422,233.8699951171875,232.8853759765625,22812500
2021-03-03,MSFT,232.16000366210938,233.5800018310547,227.25999450683594,227.55999755859375,226.60194396972656,34029500
2021-03-04,MSFT,226.74000549316406,232.49000549316406,224.25999450683594,226.72999572753906,225.7754364013672,44727800
2021-03-05,MSFT,229.52000427246094,233.27000427246094,226.4600067138672,231.60000610351562,230.62493896484375,41872800
2021-03-08,MSFT,231.3699951171875,233.3699951171875,227.1300048828125,227.38999938964844,226.4326629638672,35267400
2021-03-09,MSFT,232.8800048828125,235.3800048828125,231.6699981689453,233.77999877929688,232.79576110839844,33080500
2021-03-10,MSFT,237.0,237.0,232.0399932861328,232.4199981689453,231.4414825439453,29746800
2021-03-11,MSFT,234.9600067138672,239.1699981689453,234.30999755859375,237.1300048828125,236.13165283203125,29907600
2021-03-12,MSFT,234.00999450683594,235.82000732421875,233.22999572753906,235.75,234.75746154785156,22653700
2021-03-15,MSFT,234.9600067138672,235.19000244140625,231.80999755859375,234.80999755859375,233.8214111328125,26034900
2021-03-16,MSFT,236.27999877929688,240.05999755859375,235.94000244140625,237.7100067138672,236.70921325683594,28092200
2021-03-17,MSFT,236.14999389648438,238.5500030517578,233.22999572753906,237.0399932861328,236.0420379638672,29562100
2021-03-18,MSFT,232.55999755859375,234.19000244140625,230.3300018310547,230.72000122070312,229.74864196777344,34833000
2021-03-19,MSFT,231.02000427246094,232.47000122070312,229.35000610351562,230.35000610351562,229.3802032470703,46430700
2021-03-22,MSFT,230.27000427246094,236.89999389648438,230.13999938964844,235.99000549316406,234.9964599609375,30127000
2021-03-23,MSFT,237.49000549316406,241.0500030517578,237.07000732421875,237.5800018310547,236.5797576904297,31638400
2021-03-24,MSFT,237.85000610351562,238.0,235.32000732421875,235.4600067138672,234.46868896484375,25620100
2021-03-25,MSFT,235.3000030517578,236.94000244140625,231.57000732421875,232.33999633789062,231.36181640625,34061900
2021-03-26,MSFT,231.5500030517578,236.7100067138672,231.5500030517578,236.47999572753906,235.48439025878906,25479900
2021-03-29,MSFT,236.58999633789062,236.8000030517578,231.8800048828125,235.24000549316406,234.24960327148438,25227500
2021-03-30,MSFT,233.52999877929688,233.85000610351562,231.10000610351562,231.85000610351562,230.87388610839844,24792000
2021-03-31,MSFT,232.91000366210938,239.10000610351562,232.38999938964844,235.77000427246094,234.77737426757812,43623500
2021-04-01,MSFT,238.47000122070312,242.83999633789062,238.0500030517578,242.35000610351562,241.32968139648438,30338000
2021-04-05,MSFT,242.75999450683594,249.9600067138672,242.6999969482422,249.07000732421875,248.02139282226562,36910600
2021-04-06,MSFT,247.61000061035156,249.39999389648438,246.8800048828125,247.86000061035156,246.8164825439453,22931900
2021-04-07,MSFT,247.80999755859375,250.92999267578125,247.19000244140625,249.89999389648438,248.84788513183594,22719800
2021-04-08,MSFT,252.77000427246094,254.13999938964844,252.0,253.25,252.18377685546875,23625200
2021-04-09,MSFT,252.8699951171875,255.99000549316406,252.44000244140625,255.85000610351562,254.77285766601562,24326800
2021-04-12,MSFT,254.7100067138672,257.6700134277344,254.6199951171875,255.91000366210938,254.8325958251953,27148700
2021-04-13,MSFT,257.260009765625,259.19000244140625,256.8299865722656,258.489990234375,257.4017333984375,23837500
2021-04-14,MSFT,257.4800109863281,258.8299865722656,255.16000366210938,255.58999633789062,254.51393127441406,23070900
2021-04-15,MSFT,257.92999267578125,259.92999267578125,257.7300109863281,259.5,258.407470703125,25627500
2021-04-16,MSFT,259.4700012207031,261.0,257.6000061035156,260.739990234375,259.6422424316406,24878600
2021-04-19,MSFT,260.19000244140625,261.4800109863281,257.82000732421875,258.739990234375,257.6506652832031,23209300
2021-04-20,MSFT,257.82000732421875,260.20001220703125,256.8399963378906,258.260009765625,257.1726989746094,19722900
2021-04-21,MSFT,258.94000244140625,260.67999267578125,257.25,260.5799865722656,259.48291015625,24030400
2021-04-22,MSFT,260.2099914550781,261.7799987792969,255.63999938964844,257.1700134277344,256.0872802734375,25606200
2021-04-23,MSFT,257.8800048828125,261.510009765625,257.2699890136719,261.1499938964844,260.050537109375,21462600
2021-04-26,MSFT,261.6600036621094,262.44000244140625,260.1700134277344,261.54998779296875,260.4488525390625,19763300
2021-04-27,MSFT,261.5799865722656,263.19000244140625,260.1199951171875,261.9700012207031,260.8670654296875,31014200
2021-04-28,MSFT,256.0799865722656,256.5400085449219,252.9499969482422,254.55999755859375,253.48826599121094,46903100
2021-04-29,MSFT,255.4600067138672,256.1000061035156,249.0,252.50999450683594,251.4468994140625,40589000
2021-04-30,MSFT,249.74000549316406,253.0800018310547,249.60000610351562,252.17999267578125,251.1182861328125,30945100
2021-05-03,MSFT,253.39999389648438,254.35000610351562,251.1199951171875,251.86000061035156,250.7996368408203,19626600
2021-05-04,MSFT,250.97000122070312,251.2100067138672,245.75999450683594,247.7899932861328,246.7467803955078,32756100
2021-05-05,MSFT,249.05999755859375,249.5,245.82000732421875,246.47000122070312,245.4323272705078,21901300
2021-05-06,MSFT,246.4499969482422,249.86000061035156,244.69000244140625,249.72999572753906,248.67860412597656,26491100
2021-05-07,MSFT,252.14999389648438,254.3000030517578,251.1699981689453,252.4600067138672,251.39710998535156,27032900
2021-05-10,MSFT,250.8699951171875,251.72999572753906,247.1199951171875,247.17999267578125,246.13934326171875,29299900
2021-05-11,MSFT,244.5500030517578,246.60000610351562,242.57000732421875,246.22999572753906,245.19332885742188,33641600
2021-05-12,MSFT,242.1699981689453,244.3800048828125,238.07000732421875,239.0,237.99378967285156,36684400
2021-05-13,MSFT,241.8000030517578,245.60000610351562,241.4199981689453,243.02999877929688,242.00680541992188,29624300
2021-05-14,MSFT,245.5800018310547,249.17999267578125,245.49000549316406,248.14999389648438,247.10525512695312,23901100
2021-05-17,MSFT,246.5500030517578,246.58999633789062,243.52000427246094,245.17999267578125,244.14776611328125,24970200
2021-05-18,MSFT,246.27000427246094,246.41000366210938,242.89999389648438,243.0800018310547,242.05661010742188,20168000
2021-05-19,MSFT,239.30999755859375,243.22999572753906,238.60000610351562,243.1199951171875,242.65545654296875,25739800
2021-05-20,MSFT,243.9600067138672,247.9499969482422,243.86000061035156,246.47999572753906,246.009033203125,21800700
2021-05-21,MSFT,247.57000732421875,248.3300018310547,244.74000549316406,245.1699981689453,244.7015380859375,21863100
2021-05-24,MSFT,247.7899932861328,251.16000366210938,247.50999450683594,250.77999877929688,250.3008270263672,21411500
2021-05-25,MSFT,251.77000427246094,252.75,250.82000732421875,251.72000122070312,251.23902893066406,17704300
2021-05-26,MSFT,251.42999267578125,252.94000244140625,250.75,251.49000549316406,251.0094757080078,17771600
2021-05-27,MSFT,251.1699981689453,251.47999572753906,249.25,249.30999755859375,248.83363342285156,24426200
2021-05-28,MSFT,251.0,252.0800018310547,249.55999755859375,249.67999267578125,249.20291137695312,18270200
2021-06-01,MSFT,251.22999572753906,251.2899932861328,246.9600067138672,247.39999389648438,246.92727661132812,23213300
2021-06-02,MSFT,248.1300048828125,249.27000427246094,245.83999633789062,247.3000030517578,246.8274688720703,19406700
2021-06-03,MSFT,245.22000122070312,246.33999633789062,243.0,245.7100067138672,245.2405242919922,25307700
2021-06-04,MSFT,247.75999450683594,251.64999389648438,247.50999450683594,250.7899932861328,250.310791015625,25281100
2021-06-07,MSFT,249.97999572753906,254.08999633789062,249.80999755859375,253.80999755859375,253.3250274658203,23079200
2021-06-08,MSFT,255.16000366210938,256.010009765625,252.50999450683594,252.57000732421875,252.08741760253906,22455000
2021-06-09,MSFT,253.80999755859375,255.52999877929688,253.2100067138672,253.58999633789062,253.10545349121094,17937600
2021-06-10,MSFT,254.2899932861328,257.4599914550781,253.6699981689453,257.239990234375,256.74847412109375,24563600
2021-06-11,MSFT,257.989990234375,258.489990234375,256.6099853515625,257.8900146484375,257.3972473144531,18999700
2021-06-14,MSFT,257.8999938964844,259.95001220703125,256.79998779296875,259.8900146484375,259.3934326171875,19150500
2021-06-15,MSFT,259.7699890136719,259.989990234375,257.67999267578125,258.3599853515625,257.8663330078125,18038900
2021-06-16,MSFT,259.3999938964844,260.5799865722656,254.4199981689453,257.3800048828125,256.8882141113281,27220000
2021-06-17,MSFT,256.07000732421875,261.75,256.010009765625,260.8999938964844,260.4014892578125,27565500
2021-06-18,MSFT,259.6300048828125,262.29998779296875,258.75,259.42999267578125,258.9342956542969,37202200
2021-06-21,MSFT,259.82000732421875,263.5199890136719,257.9200134277344,262.6300048828125,262.128173828125,26696100
2021-06-22,MSFT,262.7200012207031,265.7900085449219,262.3999938964844,265.510009765625,265.002685546875,24694100
2021-06-23,MSFT,265.989990234375,266.8299865722656,264.42999267578125,265.2699890136719,264.76312255859375,19518700
2021-06-24,MSFT,266.1600036621094,267.8500061035156,265.4700012207031,266.69000244140625,266.180419921875,21446900
2021-06-25,MSFT,266.2300109863281,267.25,264.760009765625,265.0199890136719,264.51361083984375,25611100
2021-06-28,MSFT,266.19000244140625,268.8999938964844,265.9100036621094,268.7200012207031,268.20654296875,19590000
2021-06-29,MSFT,268.8699951171875,271.6499938964844,267.9800109863281,271.3999938964844,270.88140869140625,19937800
2021-06-30,MSFT,270.69000244140625,271.3599853515625,269.6000061035156,270.8999938964844,270.38238525390625,21656500
2021-07-01,MSFT,269.6099853515625,271.8399963378906,269.6000061035156,271.6000061035156,271.0810546875,16725300
2021-07-02,MSFT,272.82000732421875,278.0,272.5,277.6499938964844,277.1194763183594,26458000
2021-07-06,MSFT,278.0299987792969,279.3699951171875,274.29998779296875,277.6600036621094,277.12945556640625,31565600
2021-07-07,MSFT,279.3999938964844,280.69000244140625,277.1499938964844,279.92999267578125,279.3951110839844,23260000
2021-07-08,MSFT,276.8999938964844,278.7300109863281,274.8699951171875,277.4200134277344,276.8899230957031,24618600
2021-07-09,MSFT,275.7200012207031,278.04998779296875,275.32000732421875,277.94000244140625,277.408935546875,23916700
2021-07-12,MSFT,279.1600036621094,279.7699890136719,276.5799865722656,277.32000732421875,276.7901306152344,18931700
2021-07-13,MSFT,277.5199890136719,282.8500061035156,277.3900146484375,280.9800109863281,280.443115234375,26120100
2021-07-14,MSFT,282.3500061035156,283.6600036621094,280.54998779296875,282.510009765625,281.97021484375,23113700
2021-07-15,MSFT,282.0,282.510009765625,279.8299865722656,281.0299987792969,280.4930114746094,22604200
2021-07-16,MSFT,282.07000732421875,284.1000061035156,279.4599914550781,280.75,280.21356201171875,26186800
2021-07-19,MSFT,278.92999267578125,280.3699951171875,274.45001220703125,277.010009765625,276.480712890625,32935600
2021-07-20,MSFT,278.0299987792969,280.9700012207031,276.260009765625,279.32000732421875,278.7862854003906,26259700
2021-07-21,MSFT,278.8999938964844,281.5199890136719,277.2900085449219,281.3999938964844,280.8623046875,24364300
2021-07-22,MSFT,283.8399963378906,286.4200134277344,283.4200134277344,286.1400146484375,285.59326171875,23384100
2021-07-23,MSFT,287.3699951171875,289.989990234375,286.5,289.6700134277344,289.11651611328125,22768100
2021-07-26,MSFT,289.0,289.69000244140625,286.6400146484375,289.04998779296875,288.4976806640625,23176100
2021-07-27,MSFT,289.42999267578125,289.5799865722656,282.95001220703125,286.5400085449219,285.99249267578125,33604100
2021-07-28,MSFT,288.989990234375,290.1499938964844,283.8299865722656,286.2200012207031,285.673095703125,33566900
2021-07-29,MSFT,286.239990234375,288.6199951171875,286.0799865722656,286.5,285.95257568359375,18168300
2021-07-30,MSFT,285.1700134277344,286.6600036621094,283.9100036621094,284.9100036621094,284.3656005859375,20940900
2021-08-02,MSFT,286.3599853515625,286.7699890136719,283.739990234375,284.82000732421875,284.2757873535156,16267400
2021-08-03,MSFT,285.4200134277344,287.2300109863281,284.0,287.1199951171875,286.5713806152344,17879000
2021-08-04,MSFT,286.2200012207031,287.5899963378906,284.6499938964844,286.510009765625,285.9625549316406,16191300
2021-08-05,MSFT,286.8800048828125,289.6300048828125,286.1000061035156,289.5199890136719,288.966796875,13900200
2021-08-06,MSFT,288.510009765625,289.5,287.6199951171875,289.4599914550781,288.90692138671875,16585200
2021-08-09,MSFT,289.75,291.54998779296875,287.80999755859375,288.3299865722656,287.779052734375,16117600
2021-08-10,MSFT,288.79998779296875,289.25,285.20001220703125,286.44000244140625,285.8927001953125,18616600
2021-08-11,MSFT,287.2099914550781,288.6600036621094,285.8599853515625,286.95001220703125,286.4017333984375,13955900
2021-08-12,MSFT,286.6300048828125,289.9700012207031,286.3399963378906,289.80999755859375,289.2562561035156,14561300
2021-08-13,MSFT,289.4800109863281,292.8999938964844,289.29998779296875,292.8500061035156,292.2904357910156,18231400
2021-08-16,MSFT,293.19000244140625,294.82000732421875,290.0199890136719,294.6000061035156,294.037109375,22507600
2021-08-17,MSFT,292.3900146484375,293.42999267578125,291.0799865722656,293.0799865722656,292.5199890136719,20075300
2021-08-18,MSFT,292.0400085449219,294.82000732421875,290.2699890136719,290.7300109863281,290.7300109863281,21813000
2021-08-19,MSFT,288.69000244140625,297.4700012207031,288.6400146484375,296.7699890136719,296.7699890136719,29850500
2021-08-20,MSFT,299.7200012207031,305.8399963378906,298.05999755859375,304.3599853515625,304.3599853515625,40796100
2021-08-23,MSFT,303.25,305.3999938964844,301.8500061035156,304.6499938964844,304.6499938964844,22830200
2021-08-24,MSFT,305.0199890136719,305.6499938964844,302.0,302.6199951171875,302.6199951171875,18175800
2021-08-25,MSFT,304.29998779296875,304.5899963378906,300.4200134277344,302.010009765625,302.010009765625,20006100
2021-08-26,MSFT,300.989990234375,302.42999267578125,298.95001220703125,299.0899963378906,299.0899963378906,17666100
2021-08-27,MSFT,298.989990234375,300.8699951171875,296.8299865722656,299.7200012207031,299.7200012207031,22597000
2021-08-30,MSFT,301.1199951171875,304.2200012207031,301.05999755859375,303.5899963378906,303.5899963378906,16348100
2021-08-31,MSFT,304.4200134277344,304.5,301.5,301.8800048828125,301.8800048828125,26285300
2021-09-01,MSFT,302.8699951171875,305.19000244140625,301.489990234375,301.8299865722656,301.8299865722656,18983800
2021-09-02,MSFT,302.20001220703125,303.3599853515625,300.17999267578125,301.1499938964844,301.1499938964844,16285600
2021-09-03,MSFT,300.989990234375,302.6000061035156,300.260009765625,301.1400146484375,301.1400146484375,14747900
2021-09-07,MSFT,301.010009765625,301.0899963378906,298.20001220703125,300.17999267578125,300.17999267578125,17180400
2021-09-08,MSFT,299.7799987792969,300.6099853515625,297.4700012207031,300.2099914550781,300.2099914550781,15046800
2021-09-09,MSFT,300.82000732421875,302.1400146484375,297.0,297.25,297.25,19927000
2021-09-10,MSFT,298.4200134277344,299.9200134277344,295.3800048828125,295.7099914550781,295.7099914550781,19619400
2021-09-13,MSFT,297.54998779296875,298.5400085449219,294.0799865722656,296.989990234375,296.989990234375,23652900
2021-09-14,MSFT,299.55999755859375,301.3900146484375,298.1000061035156,299.7900085449219,299.7900085449219,21853400
2021-09-15,MSFT,303.260009765625,305.32000732421875,301.82000732421875,304.82000732421875,304.82000732421875,28356300
2021-09-16,MSFT,303.760009765625,305.30999755859375,300.760009765625,305.2200012207031,305.2200012207031,19550800
2021-09-17,MSFT,304.1700134277344,304.5,299.5299987792969,299.8699951171875,299.8699951171875,41372500
2021-09-20,MSFT,296.3299865722656,298.7200012207031,289.5199890136719,294.29998779296875,294.29998779296875,38278700
2021-09-21,MSFT,295.69000244140625,297.5400085449219,294.07000732421875,294.79998779296875,294.79998779296875,22364100
2021-09-22,MSFT,296.7300109863281,300.2200012207031,294.510009765625,298.5799865722656,298.5799865722656,26626300
2021-09-23,MSFT,298.8500061035156,300.8999938964844,297.5299987792969,299.55999755859375,299.55999755859375,18604600
2021-09-24,MSFT,298.2300109863281,299.79998779296875,296.92999267578125,299.3500061035156,299.3500061035156,14999000
2021-09-27,MSFT,296.1400146484375,296.4700012207031,292.94000244140625,294.1700134277344,294.1700134277344,23571700
2021-09-28,MSFT,289.79998779296875,290.7799987792969,282.75,283.5199890136719,283.5199890136719,43186200
2021-09-29,MSFT,285.1000061035156,286.7699890136719,283.010009765625,284.0,284.0,26353700
2021-09-30,MSFT,285.7099914550781,287.8299865722656,281.6199951171875,281.9200134277344,281.9200134277344,32325800
2021-10-01,MSFT,282.1199951171875,289.9800109863281,281.2900085449219,289.1000061035156,289.1000061035156,30086300
2021-10-04,MSFT,287.3999938964844,287.75,280.25,283.1099853515625,283.1099853515625,31350700
2021-10-05,MSFT,284.04998779296875,290.3999938964844,284.04998779296875,288.760009765625,288.760009765625,24993000
2021-10-06,MSFT,285.7799987792969,293.6300048828125,285.510009765625,293.1099853515625,293.1099853515625,28002600
2021-10-07,MSFT,295.17999267578125,296.6400146484375,293.9200134277344,294.8500061035156,294.8500061035156,20430500
2021-10-08,MSFT,296.2200012207031,296.6400146484375,293.760009765625,294.8500061035156,294.8500061035156,17680300
2021-10-11,MSFT,292.9200134277344,297.9700012207031,292.75,294.2300109863281,294.2300109863281,19298600
2021-10-12,MSFT,295.3399963378906,295.44000244140625,292.3500061035156,292.8800048828125,292.8800048828125,17974100
2021-10-13,MSFT,294.9100036621094,297.2799987792969,293.489990234375,296.30999755859375,296.30999755859375,23416300
2021-10-14,MSFT,299.2099914550781,303.2699890136719,297.8299865722656,302.75,302.75,27262900
2021-10-15,MSFT,302.3399963378906,304.45001220703125,300.5199890136719,304.2099914550781,304.2099914550781,25374700
2021-10-18,MSFT,303.57000732421875,308.2099914550781,302.69000244140625,307.2900085449219,307.2900085449219,22729300
2021-10-19,MSFT,308.3500061035156,309.29998779296875,307.2200012207031,308.2300109863281,308.2300109863281,17682100
2021-10-20,MSFT,309.2099914550781,309.70001220703125,306.1099853515625,307.4100036621094,307.4100036621094,16537100
2021-10-21,MSFT,307.1700134277344,311.0199890136719,306.3599853515625,310.760009765625,310.760009765625,16918100
2021-10-22,MSFT,310.3999938964844,311.0899963378906,307.79998779296875,309.1600036621094,309.1600036621094,17440800
2021-10-25,MSFT,309.3599853515625,309.3800048828125,306.4599914550781,307.8500061035156,307.8500061035156,6470755
2020-10-26,AAPL,114.01000213623047,116.55000305175781,112.87999725341797,115.05000305175781,114.31475830078125,111850700
2020-10-27,AAPL,115.48999786376953,117.27999877929688,114.54000091552734,116.5999984741211,115.85484313964844,92276800
2020-10-28,AAPL,115.05000305175781,115.43000030517578,111.0999984741211,111.19999694824219,110.4893569946289,143937800
2020-10-29,AAPL,112.37000274658203,116.93000030517578,112.19999694824219,115.31999969482422,114.58302307128906,146129200
2020-10-30,AAPL,111.05999755859375,111.98999786376953,107.72000122070312,108.86000061035156,108.164306640625,190272600
2020-11-02,AAPL,109.11000061035156,110.68000030517578,107.31999969482422,108.7699966430664,108.07488250732422,122866900
2020-11-03,AAPL,109.66000366210938,111.48999786376953,108.7300033569336,110.44000244140625,109.73421478271484,107624400
2020-11-04,AAPL,114.13999938964844,115.58999633789062,112.3499984741211,114.94999694824219,114.21538543701172,138235500
2020-11-05,AAPL,117.94999694824219,119.62000274658203,116.87000274658203,119.02999877929688,118.26931762695312,126387100
2020-11-06,AAPL,118.31999969482422,119.19999694824219,116.12999725341797,118.69000244140625,118.13494873046875,114457900
2020-11-09,AAPL,120.5,121.98999786376953,116.05000305175781,116.31999969482422,115.7760238647461,154515300
2020-11-10,AAPL,115.55000305175781,117.58999633789062,114.12999725341797,115.97000122070312,115.42767333984375,138023400
2020-11-11,AAPL,117.19000244140625,119.62999725341797,116.44000244140625,119.48999786376953,118.93120574951172,112295000
2020-11-12,AAPL,119.62000274658203,120.52999877929688,118.56999969482422,119.20999908447266,118.65251159667969,103162300
2020-11-13,AAPL,119.44000244140625,119.66999816894531,117.87000274658203,119.26000213623047,118.70228576660156,81581900
2020-11-16,AAPL,118.91999816894531,120.98999786376953,118.1500015258789,120.30000305175781,119.73741912841797,91183000
2020-11-17,AAPL,119.55000305175781,120.66999816894531,118.95999908447266,119.38999938964844,118.83167266845703,74271000
2020-11-18,AAPL,118.61000061035156,119.81999969482422,118.0,118.02999877929688,117.47803497314453,76322100
2020-11-19,AAPL,117.58999633789062,119.05999755859375,116.80999755859375,118.63999938964844,118.0851821899414,74113000
2020-11-20,AAPL,118.63999938964844,118.7699966430664,117.29000091552734,117.33999633789062,116.791259765625,73604300
2020-11-23,AAPL,117.18000030517578,117.62000274658203,113.75,113.8499984741211,113.31758117675781,127959300
2020-11-24,AAPL,113.91000366210938,115.8499984741211,112.58999633789062,115.16999816894531,114.63140106201172,113874200
2020-11-25,AAPL,115.55000305175781,116.75,115.16999816894531,116.02999877929688,115.48738098144531,76499200
2020-11-27,AAPL,116.56999969482422,117.48999786376953,116.22000122070312,116.58999633789062,116.04475402832031,46691300
2020-11-30,AAPL,116.97000122070312,120.97000122070312,116.80999755859375,119.05000305175781,118.4932632446289,169410200
2020-12-01,AAPL,121.01000213623047,123.47000122070312,120.01000213623047,122.72000122070312,122.14610290527344,127728200
2020-12-02,AAPL,122.0199966430664,123.37000274658203,120.88999938964844,123.08000183105469,122.5044174194336,89004200
2020-12-03,AAPL,123.5199966430664,123.77999877929688,122.20999908447266,122.94000244140625,122.36507415771484,78967600
2020-12-04,AAPL,122.5999984741211,122.86000061035156,121.5199966430664,122.25,121.67829895019531,78260400
2020-12-07,AAPL,122.30999755859375,124.56999969482422,122.25,123.75,123.1712875366211,86712000
2020-12-08,AAPL,124.37000274658203,124.9800033569336,123.08999633789062,124.37999725341797,123.79833221435547,82225500
2020-12-09,AAPL,124.52999877929688,125.94999694824219,121.0,121.77999877929688,121.21048736572266,115089200
2020-12-10,AAPL,120.5,123.87000274658203,120.1500015258789,123.23999786376953,122.66366577148438,81312200
2020-12-11,AAPL,122.43000030517578,122.76000213623047,120.55000305175781,122.41000366210938,121.83755493164062,86939800
2020-12-14,AAPL,122.5999984741211,123.3499984741211,121.54000091552734,121.77999877929688,121.21048736572266,79184500
2020-12-15,AAPL,124.33999633789062,127.9000015258789,124.12999725341797,127.87999725341797,127.28196716308594,157243700
2020-12-16,AAPL,127.41000366210938,128.3699951171875,126.55999755859375,127.80999755859375,127.21229553222656,98208600
2020-12-17,AAPL,128.89999389648438,129.5800018310547,128.0399932861328,128.6999969482422,128.09812927246094,94359800
2020-12-18,AAPL,128.9600067138672,129.10000610351562,126.12000274658203,126.66000366210938,126.06768035888672,192541500
2020-12-21,AAPL,125.0199966430664,128.30999755859375,123.44999694824219,128.22999572753906,127.63032531738281,121251600
2020-12-22,AAPL,131.61000061035156,134.41000366210938,129.64999389648438,131.8800048828125,131.2632598876953,168904800
2020-12-23,AAPL,132.16000366210938,132.42999267578125,130.77999877929688,130.9600067138672,130.34756469726562,88223700
2020-12-24,AAPL,131.32000732421875,133.4600067138672,131.10000610351562,131.97000122070312,131.35284423828125,54930100
2020-12-28,AAPL,133.99000549316406,137.33999633789062,133.50999450683594,136.69000244140625,136.05078125,124486200
2020-12-29,AAPL,138.0500030517578,138.7899932861328,134.33999633789062,134.8699951171875,134.23928833007812,121047300
2020-12-30,AAPL,135.5800018310547,135.99000549316406,133.39999389648438,133.72000122070312,133.0946502685547,96452100
2020-12-31,AAPL,134.0800018310547,134.74000549316406,131.72000122070312,132.69000244140625,132.06947326660156,99116600
2021-01-04,AAPL,133.52000427246094,133.61000061035156,126.76000213623047,129.41000366210938,128.80482482910156,143301900
2021-01-05,AAPL,128.88999938964844,131.74000549316406,128.42999267578125,131.00999450683594,130.39732360839844,97664900
2021-01-06,AAPL,127.72000122070312,131.0500030517578,126.37999725341797,126.5999984741211,126.0079574584961,155088000
2021-01-07,AAPL,128.36000061035156,131.6300048828125,127.86000061035156,130.9199981689453,130.3077392578125,109578200
2021-01-08,AAPL,132.42999267578125,132.6300048828125,130.22999572753906,132.0500030517578,131.43246459960938,105158200
2021-01-11,AAPL,129.19000244140625,130.1699981689453,128.5,128.97999572753906,128.37681579589844,100384500
2021-01-12,AAPL,128.5,129.69000244140625,126.86000061035156,128.8000030517578,128.19766235351562,91951100
2021-01-13,AAPL,128.75999450683594,131.4499969482422,128.49000549316406,130.88999938964844,130.27789306640625,88636800
2021-01-14,AAPL,130.8000030517578,131.0,128.75999450683594,128.91000366210938,128.30715942382812,90221800
2021-01-15,AAPL,128.77999877929688,130.22000122070312,127.0,127.13999938964844,126.5454330444336,111598500
2021-01-19,AAPL,127.77999877929688,128.7100067138672,126.94000244140625,127.83000183105469,127.23220825195312,90757300
2021-01-20,AAPL,128.66000366210938,132.49000549316406,128.5500030517578,132.02999877929688,131.4125518798828,104319500
2021-01-21,AAPL,133.8000030517578,139.6699981689453,133.58999633789062,136.8699951171875,136.22991943359375,120150900
2021-01-22,AAPL,136.27999877929688,139.85000610351562,135.02000427246094,139.07000732421875,138.41964721679688,114459400
2021-01-25,AAPL,143.07000732421875,145.08999633789062,136.5399932861328,142.9199981689453,142.25164794921875,157611700
2021-01-26,AAPL,143.60000610351562,144.3000030517578,141.3699951171875,143.16000366210938,142.49050903320312,98390600
2021-01-27,AAPL,143.42999267578125,144.3000030517578,140.41000366210938,142.05999755859375,141.39566040039062,140843800
2021-01-28,AAPL,139.52000427246094,141.99000549316406,136.6999969482422,137.08999633789062,136.4488983154297,142621100
2021-01-29,AAPL,135.8300018310547,136.74000549316406,130.2100067138672,131.9600067138672,131.3428955078125,177523800
2021-02-01,AAPL,133.75,135.3800048828125,130.92999267578125,134.13999938964844,133.5126953125,106239800
2021-02-02,AAPL,135.72999572753906,136.30999755859375,134.61000061035156,134.99000549316406,134.35873413085938,83305400
2021-02-03,AAPL,135.75999450683594,135.77000427246094,133.61000061035156,133.94000244140625,133.3136444091797,89880900
2021-02-04,AAPL,136.3000030517578,137.39999389648438,134.58999633789062,137.38999938964844,136.74749755859375,84183100
2021-02-05,AAPL,137.35000610351562,137.4199981689453,135.86000061035156,136.75999450683594,136.3238525390625,75693800
2021-02-08,AAPL,136.02999877929688,136.9600067138672,134.9199981689453,136.91000366210938,136.47337341308594,71297200
2021-02-09,AAPL,136.6199951171875,137.8800048828125,135.85000610351562,136.00999450683594,135.57623291015625,76774200
2021-02-10,AAPL,136.47999572753906,136.99000549316406,134.39999389648438,135.38999938964844,134.95822143554688,73046600
2021-02-11,AAPL,135.89999389648438,136.38999938964844,133.77000427246094,135.1300048828125,134.6990509033203,64280000
2021-02-12,AAPL,134.35000610351562,135.52999877929688,133.69000244140625,135.3699951171875,134.9382781982422,60145100
2021-02-16,AAPL,135.49000549316406,136.00999450683594,132.7899932861328,133.19000244140625,132.76524353027344,80576300
2021-02-17,AAPL,131.25,132.22000122070312,129.47000122070312,130.83999633789062,130.4227294921875,97918500
2021-02-18,AAPL,129.1999969482422,130.0,127.41000366210938,129.7100067138672,129.2963409423828,96856700
2021-02-19,AAPL,130.24000549316406,130.7100067138672,128.8000030517578,129.8699951171875,129.455810546875,87668800
2021-02-22,AAPL,128.00999450683594,129.72000122070312,125.5999984741211,126.0,125.59815979003906,103916400
2021-02-23,AAPL,123.76000213623047,126.70999908447266,118.38999938964844,125.86000061035156,125.45861053466797,158273000
2021-02-24,AAPL,124.94000244140625,125.55999755859375,122.2300033569336,125.3499984741211,124.95024108886719,111039900
2021-02-25,AAPL,124.68000030517578,126.45999908447266,120.54000091552734,120.98999786376953,120.60414123535156,148199500
2021-02-26,AAPL,122.58999633789062,124.8499984741211,121.19999694824219,121.26000213623047,120.87328338623047,164560400
2021-03-01,AAPL,123.75,127.93000030517578,122.79000091552734,127.79000091552734,127.38245391845703,116307900
2021-03-02,AAPL,128.41000366210938,128.72000122070312,125.01000213623047,125.12000274658203,124.72097778320312,102260900
2021-03-03,AAPL,124.80999755859375,125.70999908447266,121.83999633789062,122.05999755859375,121.67073059082031,112966300
2021-03-04,AAPL,121.75,123.5999984741211,118.62000274658203,120.12999725341797,119.74687957763672,178155000
2021-03-05,AAPL,120.9800033569336,121.94000244140625,117.56999969482422,121.41999816894531,121.03276824951172,153766600
2021-03-08,AAPL,120.93000030517578,121.0,116.20999908447266,116.36000061035156,115.98890686035156,154376600
2021-03-09,AAPL,119.02999877929688,122.05999755859375,118.79000091552734,121.08999633789062,120.70381927490234,129525800
2021-03-10,AAPL,121.69000244140625,122.16999816894531,119.44999694824219,119.9800033569336,119.59736633300781,111943300
2021-03-11,AAPL,122.54000091552734,123.20999908447266,121.26000213623047,121.95999908447266,121.571044921875,103026500
2021-03-12,AAPL,120.4000015258789,121.16999816894531,119.16000366210938,121.02999877929688,120.64401245117188,88105100
2021-03-15,AAPL,121.41000366210938,124.0,120.41999816894531,123.98999786376953,123.59456634521484,92403800
2021-03-16,AAPL,125.69999694824219,127.22000122070312,124.72000122070312,125.56999969482422,125.1695327758789,115227900
2021-03-17,AAPL,124.05000305175781,125.86000061035156,122.33999633789062,124.76000213623047,124.36212158203125,111932600
2021-03-18,AAPL,122.87999725341797,123.18000030517578,120.31999969482422,120.52999877929688,120.1456069946289,121229700
2021-03-19,AAPL,119.9000015258789,121.43000030517578,119.68000030517578,119.98999786376953,119.60733032226562,185549500
2021-03-22,AAPL,120.33000183105469,123.87000274658203,120.26000213623047,123.38999938964844,122.99649047851562,111912300
2021-03-23,AAPL,123.33000183105469,124.23999786376953,122.13999938964844,122.54000091552734,122.14920043945312,95467100
2021-03-24,AAPL,122.81999969482422,122.9000015258789,120.06999969482422,120.08999633789062,119.7070083618164,88530500
2021-03-25,AAPL,119.54000091552734,121.66000366210938,119.0,120.58999633789062,120.20541381835938,98844700
2021-03-26,AAPL,120.3499984741211,121.4800033569336,118.91999816894531,121.20999908447266,120.82343292236328,94071200
2021-03-29,AAPL,121.6500015258789,122.58000183105469,120.7300033569336,121.38999938964844,121.00286102294922,80819200
2021-03-30,AAPL,120.11000061035156,120.4000015258789,118.86000061035156,119.9000015258789,119.51761627197266,85671900
2021-03-31,AAPL,121.6500015258789,123.5199966430664,121.1500015258789,122.1500015258789,121.76044464111328,118323800
2021-04-01,AAPL,123.66000366210938,124.18000030517578,122.48999786376953,123.0,122.60772705078125,75089100
2021-04-05,AAPL,123.87000274658203,126.16000366210938,123.06999969482422,125.9000015258789,125.49848937988281,88651200
2021-04-06,AAPL,126.5,127.12999725341797,125.6500015258789,126.20999908447266,125.8074951171875,80171300
2021-04-07,AAPL,125.83000183105469,127.91999816894531,125.13999938964844,127.9000015258789,127.49211120605469,83466700
2021-04-08,AAPL,128.9499969482422,130.38999938964844,128.52000427246094,130.36000061035156,129.9442596435547,88844600
2021-04-09,AAPL,129.8000030517578,133.0399932861328,129.47000122070312,133.0,132.57583618164062,106686700
2021-04-12,AAPL,132.52000427246094,132.85000610351562,130.6300048828125,131.24000549316406,130.8214569091797,91420000
2021-04-13,AAPL,132.44000244140625,134.66000366210938,131.92999267578125,134.42999267578125,134.0012664794922,91266500
2021-04-14,AAPL,134.94000244140625,135.0,131.66000366210938,132.02999877929688,131.6089324951172,87222800
2021-04-15,AAPL,133.82000732421875,135.0,133.63999938964844,134.5,134.07106018066406,89347100
2021-04-16,AAPL,134.3000030517578,134.6699981689453,133.27999877929688,134.16000366210938,133.73214721679688,84922400
2021-04-19,AAPL,133.50999450683594,135.47000122070312,133.33999633789062,134.83999633789062,134.40997314453125,94264200
2021-04-20,AAPL,135.02000427246094,135.52999877929688,131.80999755859375,133.11000061035156,132.6855010986328,94812300
2021-04-21,AAPL,132.36000061035156,133.75,131.3000030517578,133.5,133.07423400878906,68847100
2021-04-22,AAPL,133.0399932861328,134.14999389648438,131.41000366210938,131.94000244140625,131.51922607421875,84566500
2021-04-23,AAPL,132.16000366210938,135.1199951171875,132.16000366210938,134.32000732421875,133.89163208007812,78657500
2021-04-26,AAPL,134.8300018310547,135.05999755859375,133.55999755859375,134.72000122070312,134.2903594970703,66905100
2021-04-27,AAPL,135.00999450683594,135.41000366210938,134.11000061035156,134.38999938964844,133.96141052246094,66015800
2021-04-28,AAPL,134.30999755859375,135.02000427246094,133.0800018310547,133.5800018310547,133.15399169921875,107760100
2021-04-29,AAPL,136.47000122070312,137.07000732421875,132.4499969482422,133.47999572753906,133.05430603027344,151101000
2021-04-30,AAPL,131.77999877929688,133.55999755859375,131.07000732421875,131.4600067138672,131.04075622558594,109839500
2021-05-03,AAPL,132.0399932861328,134.07000732421875,131.8300018310547,132.5399932861328,132.11729431152344,75135100
2021-05-04,AAPL,131.19000244140625,131.49000549316406,126.69999694824219,127.8499984741211,127.4422607421875,137564700
2021-05-05,AAPL,129.1999969482422,130.4499969482422,127.97000122070312,128.10000610351562,127.69146728515625,84000900
2021-05-06,AAPL,127.88999938964844,129.75,127.12999725341797,129.74000549316406,129.3262481689453,78128300
2021-05-07,AAPL,130.85000610351562,131.25999450683594,129.47999572753906,130.2100067138672,130.0152130126953,78973300
2021-05-10,AAPL,129.41000366210938,129.5399932861328,126.80999755859375,126.8499984741211,126.66022491455078,88071200
2021-05-11,AAPL,123.5,126.2699966430664,122.7699966430664,125.91000366210938,125.72164154052734,126142800
2021-05-12,AAPL,123.4000015258789,124.63999938964844,122.25,122.7699966430664,122.58633422851562,112172300
2021-05-13,AAPL,124.58000183105469,126.1500015258789,124.26000213623047,124.97000122070312,124.78304290771484,105861300
2021-05-14,AAPL,126.25,127.88999938964844,125.8499984741211,127.44999694824219,127.25933074951172,81918000
2021-05-17,AAPL,126.81999969482422,126.93000030517578,125.16999816894531,126.2699966430664,126.08109283447266,74244600
2021-05-18,AAPL,126.55999755859375,126.98999786376953,124.77999877929688,124.8499984741211,124.66322326660156,63342900
2021-05-19,AAPL,123.16000366210938,124.91999816894531,122.86000061035156,124.69000244140625,124.50346374511719,92612000
2021-05-20,AAPL,125.2300033569336,127.72000122070312,125.0999984741211,127.30999755859375,127.11953735351562,76857100
2021-05-21,AAPL,127.81999969482422,128.0,125.20999908447266,125.43000030517578,125.24235534667969,79295400
2021-05-24,AAPL,126.01000213623047,127.94000244140625,125.94000244140625,127.0999984741211,126.90985107421875,63092900
2021-05-25,AAPL,127.81999969482422,128.32000732421875,126.31999969482422,126.9000015258789,126.71015930175781,72009500
2021-05-26,AAPL,126.95999908447266,127.38999938964844,126.41999816894531,126.8499984741211,126.66022491455078,56575900
2021-05-27,AAPL,126.44000244140625,127.63999938964844,125.08000183105469,125.27999877929688,125.09257507324219,94625600
2021-05-28,AAPL,125.56999969482422,125.80000305175781,124.55000305175781,124.61000061035156,124.423583984375,71311100
2021-06-01,AAPL,125.08000183105469,125.3499984741211,123.94000244140625,124.27999877929688,124.09407043457031,67637100
2021-06-02,AAPL,124.27999877929688,125.23999786376953,124.05000305175781,125.05999755859375,124.8729019165039,59278900
2021-06-03,AAPL,124.68000030517578,124.8499984741211,123.12999725341797,123.54000091552734,123.35518646240234,76229200
2021-06-04,AAPL,124.06999969482422,126.16000366210938,123.8499984741211,125.88999938964844,125.70166778564453,75169300
2021-06-07,AAPL,126.16999816894531,126.31999969482422,124.83000183105469,125.9000015258789,125.71165466308594,71057600
2021-06-08,AAPL,126.5999984741211,128.4600067138672,126.20999908447266,126.73999786376953,126.5503921508789,74403800
2021-06-09,AAPL,127.20999908447266,127.75,126.5199966430664,127.12999725341797,126.93981170654297,56877900
2021-06-10,AAPL,127.0199966430664,128.19000244140625,125.94000244140625,126.11000061035156,125.92134094238281,71186400
2021-06-11,AAPL,126.52999877929688,127.44000244140625,126.0999984741211,127.3499984741211,127.15947723388672,53522400
2021-06-14,AAPL,127.81999969482422,130.5399932861328,127.06999969482422,130.47999572753906,130.2847900390625,96906500
2021-06-15,AAPL,129.94000244140625,130.60000610351562,129.38999938964844,129.63999938964844,129.44606018066406,62746300
2021-06-16,AAPL,130.3699951171875,130.88999938964844,128.4600067138672,130.14999389648438,129.95529174804688,91815000
2021-06-17,AAPL,129.8000030517578,132.5500030517578,129.64999389648438,131.7899932861328,131.59283447265625,96721700
2021-06-18,AAPL,130.7100067138672,131.50999450683594,130.24000549316406,130.4600067138672,130.26483154296875,108953300
2021-06-21,AAPL,130.3000030517578,132.41000366210938,129.2100067138672,132.3000030517578,132.10208129882812,79663300
2021-06-22,AAPL,132.1300048828125,134.0800018310547,131.6199951171875,133.97999572753906,133.77955627441406,74783600
2021-06-23,AAPL,133.77000427246094,134.32000732421875,133.22999572753906,133.6999969482422,133.49998474121094,60214200
2021-06-24,AAPL,134.4499969482422,134.63999938964844,132.92999267578125,133.41000366210938,133.21041870117188,68711000
2021-06-25,AAPL,133.4600067138672,133.88999938964844,132.80999755859375,133.11000061035156,132.91087341308594,70783700
2021-06-28,AAPL,133.41000366210938,135.25,133.35000610351562,134.77999877929688,134.578369140625,62111300
2021-06-29,AAPL,134.8000030517578,136.49000549316406,134.35000610351562,136.3300018310547,136.1260528564453,64556100
2021-06-30,AAPL,136.1699981689453,137.41000366210938,135.8699951171875,136.9600067138672,136.75511169433594,63261400
2021-07-01,AAPL,136.60000610351562,137.3300018310547,135.75999450683594,137.27000427246094,137.0646514892578,52485800
2021-07-02,AAPL,137.89999389648438,140.0,137.75,139.9600067138672,139.75062561035156,78852600
2021-07-06,AAPL,140.07000732421875,143.14999389648438,140.07000732421875,142.02000427246094,141.8075408935547,108181800
2021-07-07,AAPL,143.5399932861328,144.88999938964844,142.66000366210938,144.57000732421875,144.35372924804688,104911600
2021-07-08,AAPL,141.5800018310547,144.05999755859375,140.6699981689453,143.24000549316406,143.0257110595703,105575500
2021-07-09,AAPL,142.75,145.64999389648438,142.64999389648438,145.11000061035156,144.89291381835938,99890800
2021-07-12,AAPL,146.2100067138672,146.32000732421875,144.0,144.5,144.28382873535156,76299700
2021-07-13,AAPL,144.02999877929688,147.4600067138672,143.6300048828125,145.63999938964844,145.422119140625,100827100
2021-07-14,AAPL,148.10000610351562,149.57000732421875,147.67999267578125,149.14999389648438,148.92686462402344,127050800
2021-07-15,AAPL,149.24000549316406,150.0,147.08999633789062,148.47999572753906,148.25787353515625,106820300
2021-07-16,AAPL,148.4600067138672,149.75999450683594,145.8800048828125,146.38999938964844,146.17098999023438,93251400
2021-07-19,AAPL,143.75,144.07000732421875,141.6699981689453,142.4499969482422,142.2368927001953,121434600
2021-07-20,AAPL,143.4600067138672,147.10000610351562,142.9600067138672,146.14999389648438,145.9313507080078,96350000
2021-07-21,AAPL,145.52999877929688,146.1300048828125,144.6300048828125,145.39999389648438,145.18247985839844,74993500
2021-07-22,AAPL,145.94000244140625,148.1999969482422,145.80999755859375,146.8000030517578,146.58038330078125,77338200
2021-07-23,AAPL,147.5500030517578,148.72000122070312,146.9199981689453,148.55999755859375,148.33775329589844,71447400
2021-07-26,AAPL,148.27000427246094,149.8300018310547,147.6999969482422,148.99000549316406,148.76712036132812,72434100
2021-07-27,AAPL,149.1199951171875,149.2100067138672,145.5500030517578,146.77000427246094,146.55043029785156,104818600
2021-07-28,AAPL,144.80999755859375,146.97000122070312,142.5399932861328,144.97999572753906,144.7631072998047,118931200
2021-07-29,AAPL,144.69000244140625,146.5500030517578,144.5800018310547,145.63999938964844,145.422119140625,56699500
2021-07-30,AAPL,144.3800048828125,146.3300018310547,144.11000061035156,145.86000061035156,145.64178466796875,70382000
2021-08-02,AAPL,146.36000061035156,146.9499969482422,145.25,145.52000427246094,145.30230712890625,62880000
2021-08-03,AAPL,145.80999755859375,148.0399932861328,145.17999267578125,147.36000061035156,147.13954162597656,64786600
2021-08-04,AAPL,147.27000427246094,147.7899932861328,146.27999877929688,146.9499969482422,146.73016357421875,56368300
2021-08-05,AAPL,146.97999572753906,147.83999633789062,146.1699981689453,147.05999755859375,146.83999633789062,46397700
2021-08-06,AAPL,146.35000610351562,147.11000061035156,145.6300048828125,146.13999938964844,146.13999938964844,54067400
2021-08-09,AAPL,146.1999969482422,146.6999969482422,145.52000427246094,146.08999633789062,146.08999633789062,48908700
2021-08-10,AAPL,146.44000244140625,147.7100067138672,145.3000030517578,145.60000610351562,145.60000610351562,69023100
2021-08-11,AAPL,146.0500030517578,146.72000122070312,145.52999877929688,145.86000061035156,145.86000061035156,48493500
2021-08-12,AAPL,146.19000244140625,149.0500030517578,145.83999633789062,148.88999938964844,148.88999938964844,72282600
2021-08-13,AAPL,148.97000122070312,149.44000244140625,148.27000427246094,149.10000610351562,149.10000610351562,59318800
2021-08-16,AAPL,148.5399932861328,151.19000244140625,146.47000122070312,151.1199951171875,151.1199951171875,103296000
2021-08-17,AAPL,150.22999572753906,151.67999267578125,149.08999633789062,150.19000244140625,150.19000244140625,92229700
2021-08-18,AAPL,149.8000030517578,150.72000122070312,146.14999389648438,146.36000061035156,146.36000061035156,86326000
2021-08-19,AAPL,145.02999877929688,148.0,144.5,146.6999969482422,146.6999969482422,86960300
2021-08-20,AAPL,147.44000244140625,148.5,146.77999877929688,148.19000244140625,148.19000244140625,59947400
2021-08-23,AAPL,148.30999755859375,150.19000244140625,147.88999938964844,149.7100067138672,149.7100067138672,60131800
2021-08-24,AAPL,149.4499969482422,150.86000061035156,149.14999389648438,149.6199951171875,149.6199951171875,48606400
2021-08-25,AAPL,149.80999755859375,150.32000732421875,147.8000030517578,148.36000061035156,148.36000061035156,58991300
2021-08-26,AAPL,148.35000610351562,149.1199951171875,147.50999450683594,147.5399932861328,147.5399932861328,48597200
2021-08-27,AAPL,147.47999572753906,148.75,146.8300018310547,148.60000610351562,148.60000610351562,55721500
2021-08-30,AAPL,149.0,153.49000549316406,148.61000061035156,153.1199951171875,153.1199951171875,90956700
2021-08-31,AAPL,152.66000366210938,152.8000030517578,151.2899932861328,151.8300018310547,151.8300018310547,86453100
2021-09-01,AAPL,152.8300018310547,154.97999572753906,152.33999633789062,152.50999450683594,152.50999450683594,80313700
2021-09-02,AAPL,153.8699951171875,154.72000122070312,152.39999389648438,153.64999389648438,153.64999389648438,71115500
2021-09-03,AAPL,153.75999450683594,154.6300048828125,153.08999633789062,154.3000030517578,154.3000030517578,57808700
2021-09-07,AAPL,154.97000122070312,157.25999450683594,154.38999938964844,156.69000244140625,156.69000244140625,82278300
2021-09-08,AAPL,156.97999572753906,157.0399932861328,153.97999572753906,155.11000061035156,155.11000061035156,74420200
2021-09-09,AAPL,155.49000549316406,156.11000061035156,153.9499969482422,154.07000732421875,154.07000732421875,57305700
2021-09-10,AAPL,155.0,155.47999572753906,148.6999969482422,148.97000122070312,148.97000122070312,140646400
2021-09-13,AAPL,150.6300048828125,151.4199981689453,148.75,149.5500030517578,149.5500030517578,102404300
2021-09-14,AAPL,150.35000610351562,151.07000732421875,146.91000366210938,148.1199951171875,148.1199951171875,109296300
2021-09-15,AAPL,148.55999755859375,149.44000244140625,146.3699951171875,149.02999877929688,149.02999877929688,83281300
2021-09-16,AAPL,148.44000244140625,148.97000122070312,147.22000122070312,148.7899932861328,148.7899932861328,68034100
2021-09-17,AAPL,148.82000732421875,148.82000732421875,145.75999450683594,146.05999755859375,146.05999755859375,129868800
2021-09-20,AAPL,143.8000030517578,144.83999633789062,141.27000427246094,142.94000244140625,142.94000244140625,123478900
2021-09-21,AAPL,143.92999267578125,144.60000610351562,142.77999877929688,143.42999267578125,143.42999267578125,75834000
2021-09-22,AAPL,144.4499969482422,146.42999267578125,143.6999969482422,145.85000610351562,145.85000610351562,76404300
2021-09-23,AAPL,146.64999389648438,147.0800018310547,145.63999938964844,146.8300018310547,146.8300018310547,64838200
2021-09-24,AAPL,145.66000366210938,147.47000122070312,145.55999755859375,146.9199981689453,146.9199981689453,53477900
2021-09-27,AAPL,145.47000122070312,145.9600067138672,143.82000732421875,145.3699951171875,145.3699951171875,74150700
2021-09-28,AAPL,143.25,144.75,141.69000244140625,141.91000366210938,141.91000366210938,108972300
2021-09-29,AAPL,142.47000122070312,144.4499969482422,142.02999877929688,142.8300018310547,142.8300018310547,74602000
2021-09-30,AAPL,143.66000366210938,144.3800048828125,141.27999877929688,141.5,141.5,88934200
2021-10-01,AAPL,141.89999389648438,142.9199981689453,139.11000061035156,142.64999389648438,142.64999389648438,94639600
2021-10-04,AAPL,141.75999450683594,142.2100067138672,138.27000427246094,139.13999938964844,139.13999938964844,98322000
2021-10-05,AAPL,139.49000549316406,142.24000549316406,139.36000061035156,141.11000061035156,141.11000061035156,80861100
2021-10-06,AAPL,139.47000122070312,142.14999389648438,138.3699951171875,142.0,142.0,83221100
2021-10-07,AAPL,143.05999755859375,144.22000122070312,142.72000122070312,143.2899932861328,143.2899932861328,61732700
2021-10-08,AAPL,144.02999877929688,144.17999267578125,142.55999755859375,142.89999389648438,142.89999389648438,58718700
2021-10-11,AAPL,142.27000427246094,144.80999755859375,141.80999755859375,142.80999755859375,142.80999755859375,64452200
2021-10-12,AAPL,143.22999572753906,143.25,141.0399932861328,141.50999450683594,141.50999450683594,73035900
2021-10-13,AAPL,141.24000549316406,141.39999389648438,139.1999969482422,140.91000366210938,140.91000366210938,78762700
2021-10-14,AAPL,142.11000061035156,143.8800048828125,141.50999450683594,143.75999450683594,143.75999450683594,69907100
2021-10-15,AAPL,143.77000427246094,144.89999389648438,143.50999450683594,144.83999633789062,144.83999633789062,67885200
2021-10-18,AAPL,143.4499969482422,146.83999633789062,143.16000366210938,146.5500030517578,146.5500030517578,85589200
2021-10-19,AAPL,147.00999450683594,149.1699981689453,146.5500030517578,148.75999450683594,148.75999450683594,76378900
2021-10-20,AAPL,148.6999969482422,149.75,148.1199951171875,149.25999450683594,149.25999450683594,58418800
2021-10-21,AAPL,148.80999755859375,149.63999938964844,147.8699951171875,149.47999572753906,149.47999572753906,61421000
2021-10-22,AAPL,149.69000244140625,150.17999267578125,148.63999938964844,148.69000244140625,148.69000244140625,58839600
2021-10-25,AAPL,148.67999267578125,149.3699951171875,147.62109375,148.26499938964844,148.26499938964844,21104614
